Produto;Link;Autor
Quer ganhar um PS5 ou um iPhone 11?;https://www.pelando.com.br/ofertas/quer-ganhar-um-ps5-ou-um-iphone-11-505636;thaisplicandy
[R$726 AME] Monitor Concórdia Gamer Curvo 23.8" Led Full HD HDMI VGA LPS | R$807;https://www.pelando.com.br/ofertas/monitor-concordia-gamer-curvo-238-led-full-hd-hdmi-vga-ips-523635;Rafael_Beserra
[AME R$ 4.192] Notebook Gamer Dell G3 3500-U20P 15.6" 120hz 10ª Intel Core i5 8GB 512GB SSD GTX 1650Ti Linux;https://www.pelando.com.br/ofertas/ame-r-4192-notebook-gamer-dell-g3-3500-u20p-156-120hz-10a-geracao-intel-core-i5-8gb-512gb-ssd-gtx-1650ti-linux-523666;Brunocss
Galaxy A21s Samsung | R$ 830;https://www.pelando.com.br/ofertas/samsung-galaxy-a21s-523744;ARTHUR_MM
O que vocês já compraram na Black Friday?;https://www.pelando.com.br/discuss%C3%B5es/o-que-voces-ja-compraram-na-black-friday-522328;Sa.ma.ra
Cafeteira Britânia, Filtro Permanente e Colher Dosadora - CP15 | R$60;https://www.pelando.com.br/ofertas/cafeteira-britania-filtro-permanente-e-colher-dosadora-cp15-r60-522994;BeterrabaMutante
Até 50% em óculos Rayban na eótica;https://www.pelando.com.br/ofertas/ate-25-em-oculos-rayban-na-eotica-515168;jefferson.itb
HYPERX CLOUD STINGER CORE PC HX-HSCSC2-BK/WW;https://www.pelando.com.br/ofertas/hyperx-cloud-stinger-core-pc-hx-hscsc2-bkww-522808;joaoleno.sousa
[R$25 OFF Mínimo 199 ]Cupom PRECINHO;https://www.pelando.com.br/cupons-de-descontos/cupom-precinho-mercado-livre-523327;Gabriel_Dias-cb170.01668
SSD Crucial BX500 240GB | R$ 214,90;https://www.pelando.com.br/ofertas/ssd-crucial-bx500-240gb-523140;matheus.sr
[Prime] Escova Dental Colgate Slim Soft Black, 2 Unidades | R$ 9;https://www.pelando.com.br/ofertas/prime-escova-dental-colgate-slim-soft-black-2-unidades-523365;r0t
Ar Condicionado Split Hw On/Off Consul 9000 Btus Frio 220v Monofasico CBN09CBBNA | R$ 1076;https://www.pelando.com.br/ofertas/ar-condicionado-split-hw-onoff-consul-9000-btus-frio-220v-monofasico-cbn09cbbna-523376;marcela1967
Gift Card Digital Nintendo Switch On 12 meses | R$ 67;https://www.pelando.com.br/ofertas/gift-card-digital-nintendo-switch-on-12-meses-523131;LucasDuarte84
Fonte Gigabyte GP-P750GM, 750W, 80 Plus Gold | R$ 589,90;https://www.pelando.com.br/ofertas/fonte-gigabyte-gp-p750gm-750w-80-plus-gold-523036;matheus.sr
Monitor LG LED 23.8´ Widescreen, Full HD, IPS, HDMI - 24MK430H;https://www.pelando.com.br/ofertas/monitor-lg-led-238-widescreen-full-hd-ips-hdmi-24mk430h-523394;matheus.santos6D9
Máquina de Lavar Midea 11 Kg Metálico Storm Wash LFA11X1 | R$ 2184;https://www.pelando.com.br/ofertas/maquina-de-lavar-midea-11-kg-metalico-storm-wash-lfa11x1-523129;SarahMaclaine
[AME R$784] Monitor Dell P2419H | R$980;https://www.pelando.com.br/ofertas/ame-20-monitor-dell-p2419h-523438;erik.endler
Óculos de Sol LPZ Ilheus - Preto Fosco - C1/57 | R$80;https://www.pelando.com.br/ofertas/oculos-de-sol-lpz-ilheus-preto-fosco-c157-r80-521902;Sa.ma.ra
Protex Sabonete em Barra - Aveia/Balance/Macadâmia/Limpeza Profunda - L6 P5 | R$ 8,49;https://www.pelando.com.br/ofertas/protex-sabonete-em-barra-aveiabalancemacadamialimpeza-profunda-l6-p5-523271;Chucky_GmZ
Smart TV LED 58" UHD 4K Philco PTV58G71AGBLS Inteligência Artificial Google Assistente | R$2.379;https://www.pelando.com.br/ofertas/smart-tv-led-58-uhd-4k-philco-ptv58g71agbls-inteligencia-artificial-google-assistente-522438;xandyfranco
[PRIME] Smart Lâmpada Positivo 10W;https://www.pelando.com.br/ofertas/prime-smart-lampada-positivo-10w-521475;isparkis
Bateria Externa Samsung 10.000MAh Carga Rápida USB Tipo C - Prata | R$80;https://www.pelando.com.br/ofertas/bateria-externa-samsung-10000mah-carga-rapida-usb-tipo-c-prata-522503;GustavoAAngelo
